{"cameraMode":{"drawMode":0,"name":"Shaded","section":"Shading Mode"},"sceneLighting":false,"audioPlay":false,"sceneViewState":{"showFog":true,"showMaterialUpdate":false,"showSkybox":true,"showFlares":true,"showImageEffects":true,"showParticleSystems":true},"in2DMode":false,"pivot":{"x":5.823459625244141,"y":-5.535138130187988,"z":2.87746524810791},"rotation":{"x":0.28001123666763308,"y":0.45903998613357546,"z":-0.15506333112716676,"w":0.8287667036056519},"size":23.334524154663087,"orthographic":false}