{"cameraMode":{"drawMode":0,"name":"Shaded","section":"Shading Mode"},"sceneLighting":false,"audioPlay":false,"sceneViewState":{"showFog":true,"showMaterialUpdate":false,"showSkybox":true,"showFlares":true,"showImageEffects":true,"showParticleSystems":true},"in2DMode":false,"pivot":{"x":0.32377249002456667,"y":0.6382419466972351,"z":-2.6568422317504885},"rotation":{"x":0.20787379145622254,"y":-0.3275066912174225,"z":0.07362029701471329,"w":0.9189832210540772},"size":0.5714263916015625,"orthographic":false}