{"cameraMode":{"drawMode":0,"name":"Shaded","section":"Shading Mode"},"sceneLighting":false,"audioPlay":false,"sceneViewState":{"showFog":true,"showMaterialUpdate":false,"showSkybox":true,"showFlares":true,"showImageEffects":true,"showParticleSystems":true},"in2DMode":false,"pivot":{"x":0.173715278506279,"y":0.8507490754127502,"z":0.4523022174835205},"rotation":{"x":0.0004698798875324428,"y":0.9971893429756165,"z":0.0086826765909791,"w":-0.07588136941194534},"size":0.5715775489807129,"orthographic":false}