{"cameraMode":{"drawMode":0,"name":"Shaded","section":"Shading Mode"},"sceneLighting":false,"audioPlay":false,"sceneViewState":{"showFog":true,"showMaterialUpdate":false,"showSkybox":true,"showFlares":true,"showImageEffects":true,"showParticleSystems":true},"in2DMode":false,"pivot":{"x":-1.4227508306503297,"y":-9.063232421875,"z":15.545736312866211},"rotation":{"x":-0.24794185161590577,"y":0.044056110084056857,"z":-0.01146050076931715,"w":-0.9677874445915222},"size":22.0,"orthographic":false}