{"cameraMode":{"drawMode":0,"name":"Shaded","section":"Shading Mode"},"sceneLighting":false,"audioPlay":false,"sceneViewState":{"showFog":true,"showMaterialUpdate":false,"showSkybox":true,"showFlares":true,"showImageEffects":true,"showParticleSystems":true},"in2DMode":false,"pivot":{"x":19.32723617553711,"y":-7.007979869842529,"z":-2.151909112930298},"rotation":{"x":-0.1363474726676941,"y":-0.7038974165916443,"z":0.14018301665782929,"w":-0.6829681396484375},"size":23.193050384521486,"orthographic":false}