{"cameraMode":{"drawMode":0,"name":"Shaded","section":"Shading Mode"},"sceneLighting":false,"audioPlay":false,"sceneViewState":{"showFog":true,"showMaterialUpdate":false,"showSkybox":true,"showFlares":true,"showImageEffects":true,"showParticleSystems":true},"in2DMode":false,"pivot":{"x":0.007631954271346331,"y":-1.313791275024414,"z":-0.6383440494537354},"rotation":{"x":-0.3845796585083008,"y":0.024219892919063569,"z":-0.010433534160256386,"w":-0.9229792356491089},"size":4.247654914855957,"orthographic":false}