{"cameraMode":{"drawMode":0,"name":"Shaded","section":"Shading Mode"},"sceneLighting":false,"audioPlay":false,"sceneViewState":{"showFog":true,"showMaterialUpdate":false,"showSkybox":true,"showFlares":true,"showImageEffects":true,"showParticleSystems":true},"in2DMode":false,"pivot":{"x":3.6612815856933595,"y":-13.251714706420899,"z":15.133358001708985},"rotation":{"x":0.36176392436027529,"y":0.09794031828641892,"z":-0.038222309201955798,"w":0.9263520240783691},"size":23.334524154663087,"orthographic":false}