{"cameraMode":{"drawMode":0,"name":"Shaded","section":"Shading Mode"},"sceneLighting":false,"audioPlay":false,"sceneViewState":{"showFog":true,"showMaterialUpdate":false,"showSkybox":true,"showFlares":true,"showImageEffects":true,"showParticleSystems":true},"in2DMode":false,"pivot":{"x":0.2655487358570099,"y":1.3491322994232178,"z":-0.8931267261505127},"rotation":{"x":-0.14834628999233247,"y":0.8519711494445801,"z":-0.3413490653038025,"w":-0.3686949908733368},"size":0.028573602437973024,"orthographic":false}