{"cameraMode":{"drawMode":0,"name":"Shaded","section":"Shading Mode"},"sceneLighting":false,"audioPlay":false,"sceneViewState":{"showFog":true,"showMaterialUpdate":false,"showSkybox":true,"showFlares":true,"showImageEffects":true,"showParticleSystems":true},"in2DMode":false,"pivot":{"x":16.177228927612306,"y":-3.6341190338134767,"z":-4.797921657562256},"rotation":{"x":-0.09670057892799378,"y":-0.7508012652397156,"z":0.11239800602197647,"w":-0.6437944173812866},"size":23.193050384521486,"orthographic":false}