{"cameraMode":{"drawMode":0,"name":"Shaded","section":"Shading Mode"},"sceneLighting":false,"audioPlay":false,"sceneViewState":{"showFog":true,"showMaterialUpdate":false,"showSkybox":true,"showFlares":true,"showImageEffects":true,"showParticleSystems":true},"in2DMode":false,"pivot":{"x":3.757610559463501,"y":10.888136863708496,"z":0.36193597316741946},"rotation":{"x":0.2729279696941376,"y":-0.7207720279693604,"z":0.5018171668052673,"w":0.3934192657470703},"size":0.8573653101921082,"orthographic":false}