{"cameraMode":{"drawMode":0,"name":"Shaded","section":"Shading Mode"},"sceneLighting":false,"audioPlay":false,"sceneViewState":{"showFog":true,"showMaterialUpdate":false,"showSkybox":true,"showFlares":true,"showImageEffects":true,"showParticleSystems":true},"in2DMode":false,"pivot":{"x":13.402918815612793,"y":9.769198417663575,"z":-3.639249086380005},"rotation":{"x":0.1589045524597168,"y":-0.5955618619918823,"z":0.12145344167947769,"w":0.7783939242362976},"size":0.28578901290893557,"orthographic":false}