{"cameraMode":{"drawMode":0,"name":"Shaded","section":"Shading Mode"},"sceneLighting":false,"audioPlay":false,"sceneViewState":{"showFog":true,"showMaterialUpdate":false,"showSkybox":true,"showFlares":true,"showImageEffects":true,"showParticleSystems":true},"in2DMode":false,"pivot":{"x":15.057690620422364,"y":-8.076193809509278,"z":6.366531848907471},"rotation":{"x":0.21481384336948396,"y":0.5614886283874512,"z":-0.1537151336669922,"w":0.7842355966567993},"size":23.334524154663087,"orthographic":false}