{"cameraMode":{"drawMode":0,"name":"Shaded","section":"Shading Mode"},"sceneLighting":false,"audioPlay":false,"sceneViewState":{"showFog":true,"showMaterialUpdate":false,"showSkybox":true,"showFlares":true,"showImageEffects":true,"showParticleSystems":true},"in2DMode":false,"pivot":{"x":0.03302990272641182,"y":-14.792956352233887,"z":13.056611061096192},"rotation":{"x":-0.3860379159450531,"y":-0.0025962700601667167,"z":0.0009420712012797594,"w":-0.9225417971611023},"size":23.193050384521486,"orthographic":false}