{"cameraMode":{"drawMode":0,"name":"Shaded","section":"Shading Mode"},"sceneLighting":false,"audioPlay":false,"sceneViewState":{"showFog":true,"showMaterialUpdate":false,"showSkybox":true,"showFlares":true,"showImageEffects":true,"showParticleSystems":true},"in2DMode":false,"pivot":{"x":1.1063235998153687,"y":0.3072662055492401,"z":-0.6302974224090576},"rotation":{"x":-0.05469357594847679,"y":-0.8608894944190979,"z":-0.09600776433944702,"w":0.49706122279167178},"size":0.27142637968063357,"orthographic":false}