{"cameraMode":{"drawMode":0,"name":"Shaded","section":"Shading Mode"},"sceneLighting":false,"audioPlay":false,"sceneViewState":{"showFog":true,"showMaterialUpdate":false,"showSkybox":true,"showFlares":true,"showImageEffects":true,"showParticleSystems":true},"in2DMode":false,"pivot":{"x":0.07357746362686157,"y":-0.598055362701416,"z":0.3836653232574463},"rotation":{"x":-0.1303805559873581,"y":0.03203165531158447,"z":-0.004664423409849405,"w":-0.9911840558052063},"size":4.247654914855957,"orthographic":false}