{"cameraMode":{"drawMode":0,"name":"Shaded","section":"Shading Mode"},"sceneLighting":false,"audioPlay":false,"sceneViewState":{"showFog":true,"showMaterialUpdate":false,"showSkybox":true,"showFlares":true,"showImageEffects":true,"showParticleSystems":true},"in2DMode":false,"pivot":{"x":11.569846153259278,"y":-10.872108459472657,"z":10.419087409973145},"rotation":{"x":0.29303789138793948,"y":0.3635155260562897,"z":-0.12154882401227951,"w":0.8759588599205017},"size":23.193050384521486,"orthographic":false}