{"cameraMode":{"drawMode":0,"name":"Shaded","section":"Shading Mode"},"sceneLighting":false,"audioPlay":false,"sceneViewState":{"showFog":true,"showMaterialUpdate":false,"showSkybox":true,"showFlares":true,"showImageEffects":true,"showParticleSystems":true},"in2DMode":false,"pivot":{"x":-1.2032232284545899,"y":0.6533472537994385,"z":-0.1804046779870987},"rotation":{"x":-0.03850945457816124,"y":0.6869461536407471,"z":-0.03611281141638756,"w":-0.7251167893409729},"size":4.247654914855957,"orthographic":false}