{"cameraMode":{"drawMode":0,"name":"Shaded","section":"Shading Mode"},"sceneLighting":false,"audioPlay":false,"sceneViewState":{"showFog":true,"showMaterialUpdate":false,"showSkybox":true,"showFlares":true,"showImageEffects":true,"showParticleSystems":true},"in2DMode":false,"pivot":{"x":0.6914759278297424,"y":1.0577027797698975,"z":-1.8022704124450684},"rotation":{"x":0.1782975047826767,"y":-0.7853186130523682,"z":0.2624611258506775,"w":0.5319967269897461},"size":0.5714263916015625,"orthographic":false}